


--
-- 转存表中的数据 `agile_sprint`
--

INSERT INTO `agile_sprint` (`id`, `project_id`, `name`, `description`, `active`, `status`, `order_weight`, `start_date`, `end_date`, `target`, `inspect`, `review`) VALUES
(1, 1, '1.0迭代', '', 1, 1, 0, '2020-12-01', '2021-01-11', '', '', ''),
(2, 1, '2.0迭代', '', 0, 1, 0, '2021-02-01', '2021-03-01', '', '', ''),
(4, 46, '2.0迭代', 'xxxx', 1, 1, 0, '2020-02-19', '2020-03-01', '', '', ''),
(5, 46, '1.0迭代', '', 0, 1, 0, '2020-01-17', '2020-07-01', '', '', '');

-- --------------------------------------------------------

--
-- 转存表中的数据 `issue_assistant`
--

INSERT INTO `issue_assistant` (`id`, `issue_id`, `user_id`, `join_time`) VALUES
(3, 116, 12165, 0),
(4, 116, 12166, 0),
(5, 218, 12164, 0),
(6, 218, 12165, 0),
(7, 226, 12164, 0);

-- --------------------------------------------------------


--
-- 转存表中的数据 `issue_effect_version`
--

INSERT INTO `issue_effect_version` (`id`, `issue_id`, `version_id`) VALUES
(1, 219, 2),
(2, 220, 1),
(3, 220, 2),
(4, 221, 1),
(5, 221, 2),
(6, 230, 1);

-- --------------------------------------------------------


--
-- 转存表中的数据 `issue_filter`
--

INSERT INTO `issue_filter` (`id`, `name`, `author`, `description`, `share_obj`, `share_scope`, `projectid`, `filter`, `fav_count`, `name_lower`, `is_adv_query`) VALUES
(10, '我报告的bug', 1, '', NULL, '', '1', '报告人:@master 类型:Bug sort_field:id sort_by:desc', NULL, NULL, 0),
(11, '我进行中的', 1, '', NULL, '', '1', '报告人:@master 状态:进行中 sort_field:id sort_by:desc', NULL, NULL, 0),
(12, '我优先级中的', 1, '', NULL, '', '1', '报告人:@master 优先级:中 sort_field:id sort_by:desc', NULL, NULL, 0),
(13, '我2.0迭代的事项', 1, '', NULL, '', '1', '报告人:@master 迭代:2.0迭代 sort_field:id sort_by:desc', NULL, NULL, 0),
(14, '新功能的', 1, '', NULL, '', '1', '类型:新功能 sort_field:id sort_by:desc', NULL, NULL, 0);

-- --------------------------------------------------------

--
-- 转存表中的数据 `issue_fix_version`
--

INSERT INTO `issue_fix_version` (`id`, `issue_id`, `version_id`) VALUES
(1, 218, 2),
(2, 219, 2),
(3, 220, 0),
(4, 221, 1),
(5, 230, 1);

-- --------------------------------------------------------

--
-- 转存表中的数据 `issue_follow`
--

INSERT INTO `issue_follow` (`id`, `issue_id`, `user_id`) VALUES
(1, 116, 1);

-- --------------------------------------------------------


--
-- 转存表中的数据 `issue_holiday`
--

INSERT INTO `issue_holiday` (`id`, `project_id`, `day`, `name`) VALUES
(770, 1, '2020-05-01', ''),
(771, 1, '2020-05-02', ''),
(772, 1, '2020-05-03', ''),
(773, 1, '2020-05-04', ''),
(774, 1, '2020-10-01', ''),
(775, 1, '2021-01-01', ''),
(776, 1, '2021-05-01', ''),
(777, 1, '2021-05-02', ''),
(778, 1, '2021-05-03', ''),
(779, 1, '2021-05-04', ''),
(780, 1, '2021-10-01', ''),
(781, 1, '2022-01-01', ''),
(782, 1, '2020-10-02', ''),
(783, 1, '2020-10-03', ''),
(784, 1, '2020-10-04', ''),
(785, 1, '2020-10-05', ''),
(786, 1, '2020-10-06', ''),
(787, 1, '2020-10-07', ''),
(788, 1, '2021-10-02', ''),
(789, 1, '2021-10-03', ''),
(790, 1, '2021-10-04', ''),
(791, 1, '2021-10-05', ''),
(792, 1, '2021-10-06', ''),
(793, 1, '2021-10-07', '');

-- --------------------------------------------------------

--
-- 转存表中的数据 `issue_label_data`
--

INSERT INTO `issue_label_data` (`id`, `issue_id`, `label_id`) VALUES
(3, 120, 4),
(4, 120, 5),
(5, 116, 8),
(6, 116, 10),
(7, 116, 12),
(8, 116, 6),
(9, 116, 8),
(10, 116, 10),
(11, 116, 12),
(12, 116, 6),
(13, 116, 1),
(14, 120, 4),
(15, 120, 5),
(16, 120, 1),
(33, 120, 1),
(34, 120, 4),
(35, 120, 5),
(36, 218, 3),
(37, 220, 1),
(38, 220, 2),
(39, 220, 3),
(40, 221, 1),
(41, 221, 2),
(42, 221, 4),
(43, 226, 3),
(44, 226, 4),
(45, 227, 1),
(46, 227, 2),
(47, 230, 1),
(48, 230, 2),
(49, 230, 3),
(50, 139, 3),
(51, 139, 4);

-- --------------------------------------------------------
--
-- 转存表中的数据 `issue_main`
--

INSERT INTO `issue_main` (`id`, `pkey`, `issue_num`, `project_id`, `issue_type`, `creator`, `modifier`, `reporter`, `assignee`, `summary`, `description`, `environment`, `priority`, `resolve`, `status`, `created`, `updated`, `start_date`, `due_date`, `duration`, `resolve_date`, `module`, `milestone`, `sprint`, `weight`, `backlog_weight`, `sprint_weight`, `assistants`, `level`, `master_id`, `have_children`, `followed_count`, `comment_count`, `progress`, `depends`, `gant_sprint_weight`, `gant_hide`, `is_start_milestone`, `is_end_milestone`) VALUES
(1, 'example', '1', 1, 3, 1, 1, 1, 12166, '数据库设计', 'xxxxxx', '', 4, 2, 1, 1579249719, 1582133907, '2021-01-18', '2021-01-19', 2, NULL, 2, NULL, 0, 80, 100000, 1600000, '', 0, 0, 3, 0, 0, 0, '', 999900000, 0, 0, 0),
(2, 'example', '2', 1, 3, 1, 1, 1, 1, '服务器端架构设计', 'xxxxxxxxxxxxxxxxxxxxx\r\n1**xxxxxxxx**', '', 3, 2, 1, 1579250062, 1582133914, '2021-01-07', '2021-01-08', 2, NULL, 1, NULL, 1, 80, 0, 1800000, '', 0, 106, 0, 0, 0, 1, '', 998500000, 0, 0, 0),
(3, 'example', '3', 1, 2, 1, 1, 1, 12168, '业务模块开发', 'xxxxx', '', 3, 10000, 6, 1579423228, 1579423228, '2021-01-06', '2021-01-07', 2, NULL, 3, NULL, 1, 60, 0, 100000, '', 0, 0, 4, 0, 0, 0, '', 999500000, 0, 0, 0),
(4, 'example', '4', 1, 3, 1, 1, 1, 1, '数据库表结构设计', '', '', 4, 2, 1, 1579423320, 1583079970, '2021-04-05', '2021-04-06', 2, NULL, 3, NULL, 1, 0, 200000, 1300000, '', 0, 1, 0, 0, 0, 0, '', 999800000, 0, 0, 0),
(5, 'example', '5', 1, 3, 1, 1, 1, 12165, '可行性分析', '', '', 4, 10000, 6, 1581321497, 1581321497, '2020-12-29', '2020-12-30', 2, NULL, 3, NULL, 1, 0, 0, 1700000, '', 0, 0, 3, 0, 0, 0, '', 998300000, 0, 0, 0),
(8, 'example', '8', 1, 3, 1, 1, 1, 1, '技术可行性分析', '', '', 4, 10000, 6, 1582199367, 1582199367, '2020-12-25', '2020-12-28', 2, NULL, 3, NULL, 1, 0, 0, 1600000, '', 0, 5, 0, 0, 0, 0, '', 1000000000, 0, 0, 0),
(53, 'example', '53', 1, 2, 1, 1, 1, 1, '优化改进事项1', '', '', 4, 2, 1, 1582602961, 1582602961, '2020-12-23', '2020-12-24', 2, NULL, 3, NULL, 2, 0, 0, 100000, '', 0, 0, 0, 0, 5, 0, '', 1000000000, 0, 0, 0),
(54, 'example', '54', 1, 2, 1, 1, 1, 1, 'ER关系设计', '', '', 4, 2, 1, 1582602962, 1582602962, '2020-12-21', '2020-12-22', 2, NULL, 3, NULL, 1, 0, 0, 400000, '', 0, 1, 0, 0, 0, 0, '', 1000000000, 0, 0, 0),
(64, 'example', '64', 1, 3, 1, 1, 1, 12164, '前端架构设计', '', '', 3, 2, 1, 1582623716, 1582623716, '2020-12-16', '2020-12-17', 2, NULL, 3, NULL, 1, 0, 0, 500000, '', 0, 106, 1, 0, 0, 0, '', 998600000, 0, 0, 0),
(87, 'example', '87', 1, 3, 1, 1, 1, 12164, '产品功能说明书', '', '', 3, 10000, 6, 1582693628, 1582693628, '2020-12-15', '2020-12-16', 2, NULL, 3, NULL, 1, 0, 0, 600000, '', 0, 90, 0, 0, 0, 1, '', 998800000, 0, 0, 0),
(90, 'example', '90', 1, 3, 1, 1, 1, 1, '产品设计', '', '', 3, 2, 6, 1582983902, 1582983902, '2020-12-11', '2020-12-14', 2, NULL, 3, NULL, 1, 0, 0, 200000, '', 0, 0, 4, 0, 0, 0, '', 1000000000, 0, 0, 0),
(94, 'example', '94', 1, 1, 1, 1, 1, 1, '市场可行性分析', '\r\n这里输入对bug做出清晰简洁的描述.\r\n\r\n**重现步骤**\r\n1. xx\r\n2. xxx\r\n3. xxxx\r\n4. xxxxxx\r\n\r\n**期望结果**\r\n简洁清晰的描述期望结果\r\n\r\n**实际结果**\r\n简述实际看到的结果，这里可以配上截图\r\n\r\n\r\n**附加说明**\r\n附加或额外的信息\r\n', '', 2, 2, 6, 1582992127, 1582992127, '2020-12-09', '2020-12-10', 2, NULL, 3, NULL, 1, 0, 0, 1500000, '', 0, 5, 0, 0, 0, 0, '', 999900000, 0, 0, 0),
(95, 'example', '95', 1, 3, 1, 1, 1, 1, '交互设计', '', '', 3, 2, 1, 1582993508, 1582993508, '2020-12-07', '2020-12-08', 2, NULL, 3, NULL, 1, 0, 0, 700000, '', 0, 90, 0, 0, 0, 1, '', 999100000, 0, 0, 0),
(96, 'example', '96', 1, 3, 1, 1, 1, 1, 'UI设计', '', '', 3, 2, 3, 1582993557, 1582993557, '2020-12-04', '2020-12-05', 1, NULL, 3, NULL, 1, 0, 0, 800000, '', 0, 90, 0, 0, 0, 0, '', 998900000, 0, 0, 0),
(97, 'example', '97', 1, 3, 1, 1, 1, 1, '流程图设计', '', '', 3, 2, 1, 1582993719, 1582993719, '2020-12-01', '2020-12-02', 2, NULL, 3, NULL, 1, 0, 0, 900000, '', 0, 90, 0, 0, 0, 2, '', 999000000, 0, 0, 0),
(106, 'example', '106', 1, 3, 1, 1, 1, 1, '架构设计', '', '', 3, 2, 3, 1583041489, 1583041489, '2020-11-25', '2020-11-27', 3, NULL, 3, NULL, 1, 0, 0, 1000000, '', 0, 0, 2, 0, 1, 0, '', 998700000, 0, 0, 0),
(107, 'example', '107', 1, 3, 1, 1, 1, 1, '用户模块开发编码1', '', '', 3, 2, 1, 1583041630, 1583041630, '2020-11-23', '2020-11-24', 2, NULL, 3, NULL, 1, 0, 0, 1100000, '', 0, 3, 0, 0, 0, 0, '', 999400000, 0, 0, 0),
(108, 'example', '108', 1, 3, 1, 1, 1, 1, '产品模块开发编码1', '', '', 3, 2, 3, 1583043244, 1583043244, '2020-11-19', '2020-11-20', 2, NULL, 3, NULL, 1, 0, 0, 1200000, '', 0, 3, 0, 0, 4, 0, '', 999300000, 0, 0, 0),
(116, 'example', '116', 1, 3, 1, 1, 1, 1, '日志模块开发x', '', '', 3, 2, 1, 1583044099, 1583079970, '2020-11-17', '2020-11-18', 2, NULL, 3, NULL, 1, 0, 0, 1400000, '12165,12166', 0, 0, 0, 1, 0, 0, '', 998400000, 0, 0, 0),
(120, 'example', '120', 1, 3, 1, 1, 1, 1, '优化改进事项2', '![](http://www.masterlab21.com/attachment/image/20200622/20200622195934_26594.jpg)', '', 3, 2, 1, 1583232765, 1583232765, '2020-11-16', '2020-11-17', 2, NULL, 3, NULL, 2, 0, 0, 200000, '', 0, 0, 0, 0, 0, 0, '', 999900000, 0, 0, 0),
(139, 'example', '139', 1, 3, 1, 1, 1, 12167, '商城模块编码', '![1cut-202004181604013986.png](/attachment/image/20200418/1cut-202004181604013986.png \"截图-1cut-202004181604013986.png\")', '', 3, 2, 1, 1583242645, 1583242645, '2020-11-10', '2020-11-13', 4, NULL, 3, NULL, 1, 0, 0, 300000, '', 0, 3, 0, 0, 0, 1, '', 999250000, 0, 0, 0);

-- --------------------------------------------------------

--
-- 转存表中的数据 `main_activity`
--

INSERT INTO `main_activity` (`id`, `user_id`, `project_id`, `action`, `content`, `type`, `obj_id`, `title`, `date`, `time`) VALUES
(1, 1, 91, '创建了项目', '', 'project', 91, 'TestProject', '2020-11-09', 1604924929),
(2, 1, 1, '修改事项', '', 'issue', 139, '商城模块编码', '2020-11-10', 1604974636),
(3, 1, 1, '修改事项', '', 'issue', 120, '优化改进事项2', '2020-11-10', 1604974652),
(4, 1, 1, '修改事项', '', 'issue', 116, '日志模块开发x', '2020-11-10', 1604974665),
(5, 1, 1, '修改事项', '', 'issue', 108, '产品模块开发编码1', '2020-11-10', 1604974688),
(6, 1, 1, '修改事项', '', 'issue', 107, '用户模块开发编码1', '2020-11-10', 1604974699),
(7, 1, 1, '修改事项', '', 'issue', 106, '架构设计', '2020-11-10', 1604974712),
(8, 1, 1, '修改事项', '', 'issue', 97, '流程图设计', '2020-11-10', 1604974724),
(9, 1, 1, '修改事项', '', 'issue', 97, '流程图设计', '2020-11-10', 1604974737),
(10, 1, 1, '修改事项', '', 'issue', 96, 'UI设计', '2020-11-10', 1604975363),
(11, 1, 1, '修改事项', '', 'issue', 95, '交互设计', '2020-11-10', 1604975370),
(12, 1, 1, '修改事项', '', 'issue', 94, '市场可行性分析', '2020-11-10', 1604975378),
(13, 1, 1, '修改事项', '', 'issue', 94, '市场可行性分析', '2020-11-10', 1604975384),
(14, 1, 1, '修改事项', '', 'issue', 90, '产品设计', '2020-11-10', 1604975395),
(15, 1, 1, '修改事项', '', 'issue', 87, '产品功能说明书', '2020-11-10', 1604975403),
(16, 1, 1, '修改事项', '', 'issue', 64, '前端架构设计', '2020-11-10', 1604975414),
(17, 1, 1, '修改事项', '', 'issue', 54, 'ER关系设计', '2020-11-10', 1604975457),
(18, 1, 1, '修改事项', '', 'issue', 53, '优化改进事项1', '2020-11-10', 1604975469),
(19, 1, 1, '修改事项', '', 'issue', 8, '技术可行性分析', '2020-11-10', 1604975476),
(20, 1, 1, '修改事项', '', 'issue', 5, '可行性分析', '2020-11-10', 1604975485),
(21, 1, 1, '修改事项', '', 'issue', 5, '可行性分析', '2020-11-10', 1604975501),
(22, 1, 1, '修改事项', '', 'issue', 4, '数据库表结构设计', '2020-11-10', 1604975531),
(23, 1, 1, '修改事项', '', 'issue', 3, '业务模块开发', '2020-11-10', 1604975547),
(24, 1, 1, '修改事项', '', 'issue', 2, '服务器端架构设计', '2020-11-10', 1604975562),
(25, 1, 1, '修改事项', '', 'issue', 2, '服务器端架构设计', '2020-11-10', 1604975576),
(26, 1, 1, '修改事项', '', 'issue', 1, '数据库设计', '2020-11-10', 1604975597),
(27, 1, 1, '更新了迭代', '', 'agile', 2, '', '2020-11-10', 1604975701),
(28, 1, 1, '更新了迭代', '', 'agile', 1, '', '2020-11-10', 1604975727),
(29, 1, 1, '设置迭代状态为进行中', '', 'agile', 1, '1.0迭代', '2020-11-10', 1604975789);

-- --------------------------------------------------------

--
-- 转存表中的数据 `main_timeline`
--

INSERT INTO `main_timeline` (`id`, `uid`, `type`, `origin_id`, `project_id`, `issue_id`, `action`, `action_icon`, `content`, `content_html`, `time`) VALUES
(2, 1, 'issue', 0, 0, 141, 'commented', '', 'xxxxx:scream: :scream:', '<p>xxxxx<img src=\"/dev/lib/editor.md/plugins/emoji-dialog/emoji/scream.png\" class=\"emoji\" title=\"&#58;scream&#58;\" alt=\"&#58;scream&#58;\" /> <img src=\"/dev/lib/editor.md/plugins/emoji-dialog/emoji/scream.png\" class=\"emoji\" title=\"&#58;scream&#58;\" alt=\"&#58;scream&#58;\" /></p>\n', 1584364965),
(3, 1, 'issue', 0, 0, 53, 'commented', '', 'xxxxxxxxxxxxxxxx', '<p>xxxxxxxxxxxxxxxx</p>\n', 1587180329),
(4, 1, 'issue', 0, 0, 53, 'commented', '', '![1cut-202004181104262556.png](/attachment/image/20200418/1cut-202004181104262556.png &quot;截图-1cut-202004181104262556.png&quot;)\nQQQQ\n&lt;?php\necho &quot;luck!~~~&quot;;\nswwwwww\ndie\n?&gt;\n\n![1cut-202004181204416274.png](/attachment/image/20200418/1cut-202004181204416274.png &quot;截图-1cut-202004181204416274.png&quot;)\nxxxxx', '<p><img src=\"/attachment/image/20200418/1cut-202004181104262556.png\" alt=\"1cut-202004181104262556.png\" title=\"截图-1cut-202004181104262556.png\"><br>QQQQ<br>&lt;?php<br>echo “luck!~~~”;<br>swwwwww<br>die<br>?&gt;</p>\n<p><img src=\"/attachment/image/20200418/1cut-202004181204416274.png\" alt=\"1cut-202004181204416274.png\" title=\"截图-1cut-202004181204416274.png\"><br>xxxxx</p>\n', 1587181129),
(5, 1, 'issue', 0, 0, 53, 'commented', '', '\n\n![1cut-202004181204502776.png](/attachment/image/20200418/1cut-202004181204502776.png &quot;截图-1cut-202004181204502776.png&quot;)\n\nwwww', '<p><img src=\"/attachment/image/20200418/1cut-202004181204502776.png\" alt=\"1cut-202004181204502776.png\" title=\"截图-1cut-202004181204502776.png\"></p>\n<p>wwww</p>\n', 1587183534),
(6, 1, 'issue', 0, 0, 53, 'commented', '', '\n![1cut-202004181204156780.png](/attachment/image/20200418/1cut-202004181204156780.png &quot;截图-1cut-202004181204156780.png&quot;)\n\nssssssssssssss', '<p><img src=\"/attachment/image/20200418/1cut-202004181204156780.png\" alt=\"1cut-202004181204156780.png\" title=\"截图-1cut-202004181204156780.png\"></p>\n<p>ssssssssssssss</p>\n', 1587183559),
(7, 1, 'issue', 0, 0, 53, 'commented', '', '![1cut-202004181204289139.png](/attachment/image/20200418/1cut-202004181204289139.png &quot;截图-1cut-202004181204289139.png&quot;)\nwwwwwwwwwwwwwww\n\n![1cut-202004181204518758.png](/attachment/image/20200418/1cut-202004181204518758.png &quot;截图-1cut-202004181204518758.png&quot;)\n\nsssssssssssssssssssss', '<p><img src=\"/attachment/image/20200418/1cut-202004181204289139.png\" alt=\"1cut-202004181204289139.png\" title=\"截图-1cut-202004181204289139.png\"><br>wwwwwwwwwwwwwww</p>\n<p><img src=\"/attachment/image/20200418/1cut-202004181204518758.png\" alt=\"1cut-202004181204518758.png\" title=\"截图-1cut-202004181204518758.png\"></p>\n<p>sssssssssssssssssssss</p>\n', 1587183571),
(8, 1, 'issue', 0, 0, 108, 'commented', '', 'xxxxxxxxxxxxxx\nsdfsdfsdfsdf\ndsffsdfds\n![1cut-202004181404358718.png](/attachment/image/20200418/1cut-202004181404358718.png &quot;截图-1cut-202004181404358718.png&quot;)\n\nxxxxxxxsssss\n\n\n![1cut-202004181404564473.png](/attachment/image/20200418/1cut-202004181404564473.png &quot;截图-1cut-202004181404564473.png&quot;)', '<p>xxxxxxxxxxxxxx<br>sdfsdfsdfsdf<br>dsffsdfds<br><img src=\"/attachment/image/20200418/1cut-202004181404358718.png\" alt=\"1cut-202004181404358718.png\" title=\"截图-1cut-202004181404358718.png\"></p>\n<p>xxxxxxxsssss</p>\n<p><img src=\"/attachment/image/20200418/1cut-202004181404564473.png\" alt=\"1cut-202004181404564473.png\" title=\"截图-1cut-202004181404564473.png\"></p>\n', 1587190884),
(9, 1, 'issue', 0, 0, 108, 'commented', '', 'sdfsdfsd\nsdfsdf\n![1cut-202004181404529314.png](/attachment/image/20200418/1cut-202004181404529314.png &quot;截图-1cut-202004181404529314.png&quot;)', '<p>sdfsdfsd<br>sdfsdf<br><img src=\"/attachment/image/20200418/1cut-202004181404529314.png\" alt=\"1cut-202004181404529314.png\" title=\"截图-1cut-202004181404529314.png\"></p>\n', 1587191693),
(10, 1, 'issue', 0, 0, 108, 'commented', '', 'sdfdsfsd\nfsdfdsfsdf\n![1cut-202004181404576182.png](/attachment/image/20200418/1cut-202004181404576182.png &quot;截图-1cut-202004181404576182.png&quot;)', '<p>sdfdsfsd<br>fsdfdsfsdf<br><img src=\"/attachment/image/20200418/1cut-202004181404576182.png\" alt=\"1cut-202004181404576182.png\" title=\"截图-1cut-202004181404576182.png\"></p>\n', 1587191819),
(13, 1, 'issue', 0, 0, 108, 'commented', '', '![1cut-202004181504144786.png](/attachment/image/20200418/1cut-202004181504144786.png &quot;截图-1cut-202004181504144786.png&quot;)', '<p><img src=\"/attachment/image/20200418/1cut-202004181504144786.png\" alt=\"1cut-202004181504144786.png\" title=\"截图-1cut-202004181504144786.png\"></p>\n', 1587196035),
(14, 1, 'issue', 0, 0, 106, 'commented', '', 'xxxxxxxxxxx\nsdfdf\n![1cut-202004181604342388.png](/attachment/image/20200418/1cut-202004181604342388.png &quot;截图-1cut-202004181604342388.png&quot;)\nsdcfsdcsdcsd\nzxczczxczxc\nzxczx', '<p>xxxxxxxxxxx<br>sdfdf<br><img src=\"/attachment/image/20200418/1cut-202004181604342388.png\" alt=\"1cut-202004181604342388.png\" title=\"截图-1cut-202004181604342388.png\"><br>sdcfsdcsdcsd<br>zxczczxczxc<br>zxc</p>\n', 1587198025),
(15, 1, 'issue', 0, 0, 106, 'updated_comment', '', 'updated comment', '<p>xxxxxxxxxxx<br>sdfdf<br><img src=\"/attachment/image/20200418/1cut-202004181604342388.png\" alt=\"1cut-202004181604342388.png\" title=\"截图-1cut-202004181604342388.png\"></p>\n', 1587198035),
(16, 1, 'issue', 0, 0, 180, 'commented', '', '![](http://www.masterlab213.com/attachment/image/20200528/20200528180045_84904.png)', '<p><img src=\"http://www.masterlab213.com/attachment/image/20200528/20200528180045_84904.png\" alt=\"\"></p>\n', 1590660049),
(17, 1, 'issue', 0, 0, 186, 'commented', '', 'xxxxxxxxxxxxxxxxxxxxxx', '<p>xxxxxxxxxxxxxxxxxxx</p>\n', 1591000636),
(18, 1, 'issue', 0, 0, 186, 'commented', '', 'xxxxx', '<p>xxxxx</p>\n', 1591001139),
(19, 1, 'issue', 0, 0, 186, 'commented', '', 'test', '<p>test</p>\n', 1591001192),
(20, 1, 'issue', 0, 0, 186, 'commented', '', 'test', '<p>test</p>\n', 1591001226),
(21, 1, 'issue', 0, 0, 186, 'commented', '', 'test', '<p>test</p>\n', 1591001263),
(22, 1, 'issue', 0, 0, 186, 'commented', '', 'test', '<p>test</p>\n', 1591001347),
(23, 1, 'issue', 0, 0, 186, 'commented', '', 'test', '<p>test</p>\n', 1591001369),
(24, 1, 'issue', 0, 0, 186, 'commented', '', 'test', '<p>test</p>\n', 1591001441),
(25, 1, 'issue', 0, 0, 207, 'commented', '', 'www', '<p>www</p>\n', 1596635923);

-- --------------------------------------------------------


--
-- 转存表中的数据 `project_flag`
--

INSERT INTO `project_flag` (`id`, `project_id`, `flag`, `value`, `update_time`) VALUES
(32, 1, 'backlog_weight', '{\"1\":100000}', 1604494117),
(33, 1, 'sprint_2_weight', '{\"120\":200000,\"53\":100000}', 1604494121),
(34, 1, 'sprint_1_weight', '{\"2\":1800000,\"5\":1700000,\"8\":1600000,\"94\":1500000,\"116\":1400000,\"4\":1300000,\"108\":1200000,\"107\":1100000,\"106\":1000000,\"97\":900000,\"96\":800000,\"95\":700000,\"87\":600000,\"64\":500000,\"54\":400000,\"139\":300000,\"90\":200000,\"3\":100000}', 1604494122);

-- --------------------------------------------------------


--
-- 转存表中的数据 `project_gantt_setting`
--

INSERT INTO `project_gantt_setting` (`id`, `project_id`, `source_type`, `source_from`, `is_display_backlog`, `hide_issue_types`, `work_dates`) VALUES
(1, 1, 'project', NULL, 0, 'bug,gantt', '[1,2,3,4,5]'),
(6, 36, 'project', NULL, 0, '', '[1,2,3,4,5]'),
(16, 91, 'project', NULL, 1, '', '[1,2,3,4,5]');

-- --------------------------------------------------------

--
-- 转存表中的数据 `project_label`
--

INSERT INTO `project_label` (`id`, `project_id`, `title`, `color`, `bg_color`, `description`) VALUES
(1, 1, '产 品', '#FFFFFF', '#428BCA', ''),
(2, 1, '运 营', '#FFFFFF', '#44AD8E', ''),
(3, 1, '推 广', '#FFFFFF', '#A8D695', ''),
(4, 1, '编码规范', '#FFFFFF', '#69D100', ''),
(5, 1, '测试用例', '#FFFFFF', '#69D100', ''),
(6, 1, '测试规范', '#FFFFFF', '#69D100', ''),
(7, 1, '架构设计', '#FFFFFF', '#A295D6', ''),
(8, 1, '数据协议', '#FFFFFF', '#AD4363', ''),
(9, 1, 'UI设计', '#FFFFFF', '#D10069', ''),
(10, 1, '交互文档', '#FFFFFF', '#CC0033', ''),
(12, 1, '运 维', '#FFFFFF', '#D1D100', ''),
(35, 36, '产 品', '#FFFFFF', '#428BCA', ''),
(36, 36, '交互文档', '#FFFFFF', '#CC0033', ''),
(37, 36, '运 营', '#FFFFFF', '#44AD8E', ''),
(38, 36, '推 广', '#FFFFFF', '#A8D695', ''),
(39, 36, '编码规范', '#FFFFFF', '#69D100', ''),
(40, 36, '架构设计', '#FFFFFF', '#A295D6', ''),
(41, 36, '数据协议', '#FFFFFF', '#AD4363', ''),
(42, 36, '测试用例', '#FFFFFF', '#69D100', ''),
(43, 36, '测试规范', '#FFFFFF', '#69D100', ''),
(44, 36, 'UI设计', '#FFFFFF', '#D10069', ''),
(45, 36, '运 维', '#FFFFFF', '#D1D100', ''),
(612, 91, '产品', '#FFFFFF', '#5843AD', ''),
(613, 91, '文档', '#FFFFFF', '#004E00', ''),
(614, 91, '开发', '#FFFFFF', '', ''),
(615, 91, 'BUG', '#FFFFFF', '#FF0000', '');

-- --------------------------------------------------------


--
-- 转存表中的数据 `project_main`
--

INSERT INTO `project_main` (`id`, `org_id`, `org_path`, `name`, `url`, `lead`, `description`, `key`, `pcounter`, `default_assignee`, `assignee_type`, `avatar`, `category`, `type`, `type_child`, `permission_scheme_id`, `workflow_scheme_id`, `create_uid`, `create_time`, `un_done_count`, `done_count`, `closed_count`, `archived`, `issue_update_time`, `is_display_issue_catalog`, `subsystem_json`, `project_view`, `issue_view`, `issue_ui_scheme_id`, `project_tpl_id`, `default_issue_type_id`, `is_remember_last_issue`, `remember_last_issue_field`, `remember_last_issue_data`) VALUES
(1, 1, 'default', '示例项目', '', 1, 'Masterlab的示例项目', 'example', NULL, 1, NULL, 'project/avatar/1.png', 0, 0, 0, 0, 1, 1, 1579247230, 15, 6, 4, 'N', 1583220515, 1, '[]', 'issue', 'detail', 0, 1, 3, 1, '[\"issue_type\",\"module\",\"assignee\",\"fix_version\",\"labels\"]', '{}'),
(36, 1, 'default', '空项目', 'http://master.888zb.com/about.php', 12164, 'good luck!', 'ex', NULL, 1, NULL, 'project/avatar/2.png', 0, 10, 0, 0, 1, 1, 1585132124, 2, 0, 0, 'N', 1585132124, 1, '[]', 'issue', 'detail', 0, 1, 1, 0, '[]', '{}'),
(91, 1, 'default', 'TestProject', '', 1, '', 'testproject', NULL, 1, NULL, '', 0, 1, 0, 0, 0, 1, 1604924929, 0, 0, 0, 'N', 1604924929, 1, '[\"issues\",\"gantt\",\"kanban\",\"sprint\",\"mind\",\"backlog\",\"stat\",\"chart\",\"activity\",\"webhook\"]', 'summary', '', 0, 1, 1, 0, '[]', '{}');

-- --------------------------------------------------------


--
-- 转存表中的数据 `project_main_extra`
--

INSERT INTO `project_main_extra` (`id`, `project_id`, `detail`) VALUES
(1, 1, '该项目展示了，如何将敏捷开发和Masterlab结合在一起.\r\n'),
(12, 36, ':tw-1f41f: :tw-1f40b: :tw-1f40b: :tw-1f40e: :tw-1f40e: :tw-1f40e: :tw-1f42c: :tw-1f42c:'),
(63, 91, '');

-- --------------------------------------------------------


--
-- 转存表中的数据 `project_mind_setting`
--

INSERT INTO `project_mind_setting` (`id`, `project_id`, `setting_key`, `setting_value`) VALUES
(14, 3, 'default_source_id', ''),
(15, 3, 'fold_count', '16'),
(16, 3, 'default_source', 'sprint'),
(17, 3, 'is_display_label', '1'),
(23, 1, 'is_display_label', '1'),
(210, 1, 'fold_count', '15'),
(211, 1, 'default_source', 'all'),
(212, 1, 'is_display_assignee', '1'),
(213, 1, 'is_display_priority', '0'),
(214, 1, 'is_display_status', '1'),
(215, 1, 'is_display_type', '0'),
(216, 1, 'is_display_progress', '1'),
(217, 1, 'default_source_id', '');

-- --------------------------------------------------------


--
-- 转存表中的数据 `project_module`
--

INSERT INTO `project_module` (`id`, `project_id`, `name`, `description`, `lead`, `default_assignee`, `ctime`, `order_weight`) VALUES
(1, 1, '后端架构', '', 0, 0, 1579249107, 0),
(2, 1, '前端架构', '', 0, 0, 1579249118, 0),
(3, 1, '用户', '', 0, 0, 1579249127, 0),
(4, 1, '首页', '', 0, 0, 1579249131, 0),
(5, 1, '引擎', '', 0, 0, 1579249144, 0),
(6, 1, '测试', '', 0, 0, 1579423336, 0),
(13, 1, 'XXX', 'XX', 0, 0, 1597251981, 0);

-- --------------------------------------------------------


--
-- 转存表中的数据 `project_permission`
--

INSERT INTO `project_permission` (`id`, `parent_id`, `name`, `description`, `_key`) VALUES
(10004, 0, '管理项目', '可以对项目进行设置', 'ADMINISTER_PROJECTS'),
(10005, 0, '访问事项列表(已废弃)', '', 'BROWSE_ISSUES'),
(10006, 0, '创建事项', '', 'CREATE_ISSUES'),
(10007, 0, '评论', '', 'ADD_COMMENTS'),
(10008, 0, '上传和删除附件', '', 'CREATE_ATTACHMENTS'),
(10013, 0, '编辑事项', '项目的事项都可以编辑', 'EDIT_ISSUES'),
(10014, 0, '删除事项', '项目的所有事项可以删除', 'DELETE_ISSUES'),
(10015, 0, '关闭事项', '项目的所有事项可以关闭', 'CLOSE_ISSUES'),
(10016, 0, '修改事项状态', '修改事项状态', 'EDIT_ISSUES_STATUS'),
(10017, 0, '修改事项解决结果', '修改事项解决结果', 'EDIT_ISSUES_RESOLVE'),
(10028, 0, '删除评论', '项目的所有的评论均可以删除', 'DELETE_COMMENTS'),
(10902, 0, '管理backlog', '', 'MANAGE_BACKLOG'),
(10903, 0, '管理sprint', '', 'MANAGE_SPRINT'),
(10904, 0, '管理kanban', NULL, 'MANAGE_KANBAN'),
(10905, 0, '导入事项', '可以到导入excel数据到项目中', 'IMPORT_EXCEL'),
(10906, 0, '导出事项', '可以将项目中的数据导出为excel格式', 'EXPORT_EXCEL'),
(10907, 0, '管理甘特图', '是否拥有权限操作甘特图中的事项和设置', 'ADMIN_GANTT'),
(10908, 0, '事项分解设置', '是否拥有权限修改事项分解的设置', 'MIND_SETTING');

-- --------------------------------------------------------



--
-- 转存表中的数据 `project_role`
--

INSERT INTO `project_role` (`id`, `project_id`, `name`, `description`, `is_system`) VALUES
(1, 1, 'Users', '普通用户', 1),
(2, 1, 'Developers', '开发者,如程序员，架构师', 1),
(3, 1, 'Administrators', '项目管理员，如项目经理，技术经理', 1),
(4, 1, 'QA', '测试工程师', 1),
(5, 1, 'PO', '产品经理，产品负责人', 1),
(177, 36, 'Users', '普通用户', 1),
(178, 36, 'Developers', '开发者,如程序员，架构师', 1),
(179, 36, 'Administrators', '项目管理员，如项目经理，技术经理', 1),
(180, 36, 'QA', '测试工程师', 1),
(181, 36, 'PO', '产品经理，产品负责人', 1),
(506, 91, 'xxx', 'xxxxx', 1),
(507, 91, 'QQQQ', 'xxxxxx', 1),
(508, 91, 'QQQQ', 'xxxxxx', 1),
(509, 91, 'xxx', 'xxxxx', 1);

-- --------------------------------------------------------


--
-- 转存表中的数据 `project_role_relation`
--

INSERT INTO `project_role_relation` (`id`, `project_id`, `role_id`, `perm_id`) VALUES
(1, 1, 1, 10005),
(2, 1, 1, 10006),
(3, 1, 1, 10007),
(4, 1, 1, 10008),
(5, 1, 1, 10013),
(38, 1, 2, 10005),
(39, 1, 2, 10006),
(40, 1, 2, 10007),
(41, 1, 2, 10008),
(42, 1, 2, 10013),
(43, 1, 2, 10014),
(44, 1, 2, 10015),
(45, 1, 2, 10016),
(46, 1, 2, 10017),
(47, 1, 2, 10028),
(387, 1, 3, 10004),
(388, 1, 3, 10005),
(389, 1, 3, 10006),
(390, 1, 3, 10007),
(391, 1, 3, 10008),
(392, 1, 3, 10013),
(393, 1, 3, 10014),
(394, 1, 3, 10015),
(395, 1, 3, 10016),
(396, 1, 3, 10017),
(397, 1, 3, 10028),
(398, 1, 3, 10902),
(399, 1, 3, 10903),
(400, 1, 3, 10904),
(401, 1, 3, 10905),
(402, 1, 3, 10906),
(403, 1, 3, 10907),
(404, 1, 3, 10908),
(2130, 1, 4, 10005),
(2131, 1, 4, 10006),
(2132, 1, 4, 10007),
(2133, 1, 4, 10008),
(2134, 1, 4, 10013),
(2135, 1, 4, 10014),
(2136, 1, 4, 10015),
(2137, 1, 4, 10017),
(2138, 1, 4, 10028),
(2139, 1, 4, 10905),
(2140, 1, 4, 10906),
(421, 1, 5, 10004),
(422, 1, 5, 10005),
(423, 1, 5, 10006),
(424, 1, 5, 10007),
(425, 1, 5, 10008),
(426, 1, 5, 10013),
(427, 1, 5, 10014),
(428, 1, 5, 10015),
(429, 1, 5, 10016),
(430, 1, 5, 10017),
(431, 1, 5, 10028),
(432, 1, 5, 10902),
(433, 1, 5, 10903),
(434, 1, 5, 10904),
(435, 1, 5, 10905),
(436, 1, 5, 10906),
(437, 1, 5, 10907),
(438, 1, 5, 10908),
(2075, 36, 177, 10005),
(2076, 36, 177, 10006),
(2077, 36, 177, 10007),
(2078, 36, 177, 10008),
(2079, 36, 177, 10013),
(2080, 36, 178, 10005),
(2081, 36, 178, 10006),
(2082, 36, 178, 10007),
(2083, 36, 178, 10008),
(2084, 36, 178, 10013),
(2085, 36, 178, 10014),
(2086, 36, 178, 10015),
(2088, 36, 178, 10016),
(2087, 36, 178, 10028),
(2141, 36, 179, 10004),
(2142, 36, 179, 10005),
(2143, 36, 179, 10006),
(2144, 36, 179, 10007),
(2145, 36, 179, 10008),
(2146, 36, 179, 10013),
(2147, 36, 179, 10014),
(2148, 36, 179, 10015),
(2149, 36, 179, 10016),
(2150, 36, 179, 10017),
(2151, 36, 179, 10028),
(2152, 36, 179, 10902),
(2153, 36, 179, 10903),
(2154, 36, 179, 10904),
(2155, 36, 179, 10905),
(2156, 36, 179, 10906),
(2157, 36, 179, 10907),
(2158, 36, 179, 10908),
(2105, 36, 180, 10005),
(2106, 36, 180, 10006),
(2107, 36, 180, 10007),
(2108, 36, 180, 10008),
(2109, 36, 180, 10013),
(2110, 36, 180, 10014),
(2111, 36, 180, 10015),
(2113, 36, 180, 10017),
(2112, 36, 180, 10028),
(2177, 36, 181, 10004),
(2178, 36, 181, 10005),
(2179, 36, 181, 10006),
(2180, 36, 181, 10007),
(2181, 36, 181, 10008),
(2182, 36, 181, 10013),
(2183, 36, 181, 10014),
(2184, 36, 181, 10015),
(2185, 36, 181, 10016),
(2186, 36, 181, 10017),
(2187, 36, 181, 10028),
(2188, 36, 181, 10902),
(2189, 36, 181, 10903),
(2190, 36, 181, 10904),
(2191, 36, 181, 10905),
(2192, 36, 181, 10906),
(2193, 36, 181, 10907),
(2194, 36, 181, 10908);

-- --------------------------------------------------------


--
-- 转存表中的数据 `project_user_role`
--

INSERT INTO `project_user_role` (`id`, `user_id`, `project_id`, `role_id`) VALUES
(3, 1, 1, 2),
(4, 1, 1, 3),
(150, 1, 36, 177),
(153, 1, 36, 179),
(155, 1, 37, 182),
(156, 1, 37, 184),
(157, 1, 38, 189),
(158, 1, 39, 194),
(159, 1, 40, 199),
(160, 1, 41, 204),
(161, 1, 42, 209),
(168, 1, 43, 215),
(214, 1, 57, 282),
(216, 1, 58, 289),
(218, 1, 59, 296),
(220, 1, 60, 303),
(222, 1, 61, 310),
(224, 1, 62, 317),
(226, 1, 63, 324),
(228, 1, 64, 331),
(230, 1, 65, 338),
(232, 1, 66, 345),
(234, 1, 67, 352),
(236, 1, 68, 359),
(238, 1, 69, 366),
(240, 1, 70, 373),
(242, 1, 71, 380),
(244, 1, 72, 387),
(246, 1, 73, 394),
(248, 1, 74, 401),
(250, 1, 75, 408),
(276, 1, 91, 0),
(5, 12164, 1, 2),
(210, 12164, 1, 4),
(154, 12164, 37, 184),
(165, 12165, 1, 2),
(8, 12166, 1, 5),
(7, 12167, 1, 2),
(175, 12168, 1, 2),
(187, 12170, 1, 3),
(188, 12170, 1, 4),
(212, 12170, 1, 5),
(213, 12170, 57, 284),
(215, 12170, 58, 291),
(164, 12227, 5, 10002),
(185, 12255, 36, 178),
(217, 12256, 59, 298),
(219, 12256, 60, 305),
(221, 12256, 61, 312),
(223, 12256, 62, 319),
(225, 12256, 63, 326),
(227, 12256, 64, 333),
(229, 12256, 65, 340),
(231, 12256, 66, 347),
(233, 12256, 67, 354),
(235, 12256, 68, 361),
(237, 12256, 69, 368),
(239, 12256, 70, 375),
(241, 12256, 71, 382),
(243, 12262, 72, 389),
(245, 12262, 73, 396),
(247, 12262, 74, 403),
(249, 12262, 75, 410);

-- --------------------------------------------------------


--
-- 转存表中的数据 `project_version`
--

INSERT INTO `project_version` (`id`, `project_id`, `name`, `description`, `sequence`, `released`, `archived`, `url`, `start_date`, `release_date`) VALUES
(1, 1, 'v1.0', '', '0', 1, NULL, '', 1595520000, 1596124800),
(2, 1, 'v2.0', '', '0', 1, NULL, '', 0, 0);

-- --------------------------------------------------------


--
-- 转存表中的数据 `user_main`
--

INSERT INTO `user_main` (`uid`, `schema_source`, `directory_id`, `phone`, `username`, `openid`, `status`, `first_name`, `last_name`, `display_name`, `email`, `password`, `sex`, `birthday`, `create_time`, `update_time`, `avatar`, `source`, `ios_token`, `android_token`, `version`, `token`, `last_login_time`, `is_system`, `login_counter`, `title`, `sign`) VALUES
(12164, 'inner', NULL, NULL, 'json', '87655dd189dc13a7eb36f62a3a8eed4c', 1, NULL, NULL, 'Json', '23335096@qq.com', '$2y$10$hW2HeFe4kUO/IDxGW5A68e7r.sERM6.VtP3VrYLXeyHVb0ZjXo2Sm', 0, NULL, 1579247721, 0, 'avatar/12164.png?t=1579247721', '', NULL, NULL, NULL, '', 0, 0, 0, 'Java开发工程师', NULL),
(12165, 'inner', NULL, NULL, 'shelly', '74eb77b447ad46f0ba76dba8de3e8489', 1, NULL, NULL, 'Shelly', '460399316@qq.com', '$2y$10$RXindYr74f9I1GyaGtovE.KgD6pgcjE6Z9SZyqLO9UykzImG6n2kS', 0, NULL, 1579247769, 0, 'avatar/12165.png?t=1579247769', '', NULL, NULL, NULL, '', 1583827161, 0, 0, '软件测试工程师', NULL),
(12166, 'inner', NULL, NULL, 'alex', '22778739b6553330c4f9e8a29d0e1d5f', 1, NULL, NULL, 'Alex', '2823335096@qq.com', '$2y$10$ENToGF7kfUrXm0i6DISJ6utmjq076tSCaVuEyeqQRdQocgUwxZKZ6', 0, NULL, 1579247886, 0, 'avatar/12166.png?t=1579247886', '', NULL, NULL, NULL, '', 0, 0, 0, '产品经理', NULL),
(12167, 'inner', NULL, NULL, 'max', '9b0e7dc465b9398c2e270e6da415341c', 1, NULL, NULL, 'Max', 'colderwinter@qq.com', '$2y$10$qbv7OEhHuFQFmC4zJK50T.CDN7alvBaSf2FfqCXwSwcaC3FojM0GS', 0, NULL, 1579247926, 0, 'avatar/12167.png?t=1579247926', '', NULL, NULL, NULL, '', 0, 0, 0, '前端开发工程师', NULL),
(12168, 'inner', NULL, NULL, 'sandy', '322436f4d5a63425e7973a5406b13057', 1, NULL, NULL, 'Sandy', '398509320@qq.com', '$2y$10$9Y0SadlCrjBKGJtniCG/OepxWnAkfdo4e9iUzXz/6hWWQjFfVzyGK', 0, NULL, 1579247959, 0, 'avatar/12168.png?t=1582043474', '', NULL, NULL, NULL, '', 0, 0, 0, 'UI设计师', NULL),
(12170, 'inner', NULL, NULL, 'moxao', 'ca78502344a2ca38a80f4fcc77917534', 1, NULL, NULL, 'moxao', 'moxao@vip.qq.com', '$2y$10$eWWFeZAXwrlBYQxAxl85TuzxPdNi2p5jsg2hbX317Sx1HQAQR3Rm2', 0, NULL, 1582044202, 0, 'avatar/12170.png?t=1582044202', '', NULL, NULL, NULL, '', 1585123124, 0, 0, 'gaga', NULL),
(12255, 'inner', NULL, NULL, '797206999', '0d7edf3afc7c0f9f69219d3ff591df15', 1, NULL, NULL, '79720699', '797206999@qq.com', '$2y$10$56h6VqsLEf1WlI2dXqKjgeV6VZ/Z/c/sgm7P4Mhs5Qdk331t7yH.e', 0, NULL, 1587373206, 0, 'avatar/12255.jpeg?t=1588749295', '', NULL, NULL, NULL, '', 1590829530, 0, 0, '前端开发工程师', NULL),
(12256, 'inner', NULL, NULL, '1043423813@qq.com', 'f433a284f8f7c957e839fb920fbbf73c', 1, NULL, NULL, '谢', '1043423813@qq.com', '$2y$10$O1bzCNM4JGaaV4rc7H3/3.QsbmmJWdc43.9KXfMKMzNOHm0QnWwMC', 0, NULL, 1589183156, 0, 'avatar/12256.jpeg?t=1589183156', '', NULL, NULL, NULL, '', 1591078783, 0, 0, '前端', NULL),
(12263, 'inner', NULL, NULL, '12164208@qq.com', '38fb9b406c997f198dafe06252d16577', 1, NULL, NULL, '韦哥', '12164208@qq.com', '$2y$10$z0ZHkiLSKSGYdUtYMdrP5eP4b3L07CurTxkWdG8N8B9cG25o6NNMi', 0, NULL, 1604490559, 0, '', '', NULL, NULL, NULL, '', 0, 0, 0, '', NULL);



INSERT INTO `user_widget` (`id`, `user_id`, `widget_id`, `order_weight`, `panel`, `parameter`, `is_saved_parameter`) VALUES

(2460, 12165, 1, 1, 'first', '', 0),
(2461, 12165, 4, 1, 'second', '', 0),
(2462, 12165, 23, 2, 'first', '', 0),
(2463, 12165, 5, 2, 'second', '', 0),
(2464, 12165, 3, 3, 'first', '', 0),
(2465, 12170, 1, 1, 'first', '', 0),
(2466, 12170, 4, 1, 'second', '', 0),
(2467, 12170, 23, 2, 'first', '', 0),
(2468, 12170, 5, 2, 'second', '', 0),
(2469, 12170, 3, 3, 'first', '', 0),
(2470, 12173, 1, 1, 'first', '', 0),
(2471, 12173, 4, 1, 'second', '', 0),
(2472, 12173, 23, 2, 'first', '', 0),
(2473, 12173, 5, 2, 'second', '', 0),
(2474, 12173, 3, 3, 'first', '', 0),
(2475, 12180, 1, 1, 'first', '', 0),
(2476, 12180, 4, 1, 'second', '', 0),
(2477, 12180, 23, 2, 'first', '', 0),
(2478, 12180, 5, 2, 'second', '', 0),
(2479, 12180, 3, 3, 'first', '', 0),
(2480, 12182, 1, 1, 'first', '', 0),
(2481, 12182, 4, 1, 'second', '', 0),
(2482, 12182, 23, 2, 'first', '', 0),
(2483, 12182, 5, 2, 'second', '', 0),
(2484, 12182, 3, 3, 'first', '', 0),
(2485, 12183, 1, 1, 'first', '', 0),
(2486, 12183, 4, 1, 'second', '', 0),
(2487, 12183, 23, 2, 'first', '', 0),
(2488, 12183, 5, 2, 'second', '', 0),
(2489, 12183, 3, 3, 'first', '', 0),
(2490, 12185, 1, 1, 'first', '', 0),
(2491, 12185, 4, 1, 'second', '', 0),
(2492, 12185, 23, 2, 'first', '', 0),
(2493, 12185, 5, 2, 'second', '', 0),
(2494, 12185, 3, 3, 'first', '', 0),
(2495, 12186, 1, 1, 'first', '', 0),
(2496, 12186, 4, 1, 'second', '', 0),
(2497, 12186, 23, 2, 'first', '', 0),
(2498, 12186, 5, 2, 'second', '', 0),
(2499, 12186, 3, 3, 'first', '', 0),
(2500, 12212, 1, 1, 'first', '', 0),
(2501, 12212, 4, 1, 'second', '', 0),
(2502, 12212, 23, 2, 'first', '', 0),
(2503, 12212, 5, 2, 'second', '', 0),
(2504, 12212, 3, 3, 'first', '', 0),
(2505, 12213, 1, 1, 'first', '', 0),
(2506, 12213, 4, 1, 'second', '', 0),
(2507, 12213, 23, 2, 'first', '', 0),
(2508, 12213, 5, 2, 'second', '', 0),
(2509, 12213, 3, 3, 'first', '', 0),
(2666, 12255, 1, 1, 'first', '', 0),
(2667, 12255, 4, 1, 'second', '', 0),
(2668, 12255, 23, 2, 'first', '', 0),
(2669, 12255, 5, 2, 'second', '', 0),
(2670, 12255, 3, 3, 'first', '', 0),
(2671, 12260, 1, 1, 'first', '', 0),
(2672, 12260, 4, 1, 'second', '', 0),
(2673, 12260, 23, 2, 'first', '', 0),
(2674, 12260, 5, 2, 'second', '', 0),
(2675, 12260, 3, 3, 'first', '', 0),
(2676, 12261, 1, 1, 'first', '', 0),
(2677, 12261, 4, 1, 'second', '', 0),
(2678, 12261, 23, 2, 'first', '', 0),
(2679, 12261, 5, 2, 'second', '', 0),
(2680, 12261, 3, 3, 'first', '', 0),
(2805, 12256, 7, 1, 'first', '[{\"name\":\"by_time\",\"value\":\"week\"},{\"name\":\"within_date\",\"value\":\"\"}]', 1),
(2806, 12256, 1, 2, 'first', '', 0),
(2807, 12256, 2, 3, 'first', '', 0),
(2808, 12256, 3, 1, 'second', '', 0),
(2809, 12256, 23, 1, 'third', '', 0),
(2829, 12262, 1, 1, 'first', '', 0),
(2830, 12262, 4, 1, 'second', '', 0),
(2831, 12262, 5, 2, 'second', '', 0),
(2832, 12262, 23, 2, 'first', '', 0),
(2833, 12262, 3, 3, 'first', '', 0);
